Slug,Name,Category,Description,Fabric,Customizations,Turnaround,Featured,Photo Folder,Date Added
bridal-001,Emerald Lehenga,bridal,"A lehenga in deep emerald, crafted in-house and adorned with heavy gota work, intricate hand-embroidery, and delicate botis throughout. Heritage rendered in modern silhouette. For the bride who carries her own legacy.","Crafted in-house with heavy hand-done gota work, intricate embroidery, and botis across the lehenga, choli, and dupatta.",Color; Gota density and placement; Embroidery placement; Length; Choli silhouette,12–16 weeks,Yes,images/products/bridal-001,2026-05-07
bridal-002,Rose Gold Sharara Set,bridal,"A blush sharara with antique gold tilla embroidery, paired with a fitted peplum kurta. Heirloom-feeling pieces for the second-day bride.",Pure silk with hand tilla and dabka work; organza dupatta with hand-finished edges.,Color; Embroidery palette; Sleeve length,10–12 weeks,Yes,images,2026-05-07
bridal-003,Champagne Anarkali,bridal,"A floor-skimming anarkali in champagne silk, finished with a softly flared hem and crystal-touched neckline.",Heavy silk with hand-set crystal and pearl detailing; tulle inner lining for movement.,Color; Hem length; Neckline,8–10 weeks,No,images,2026-05-07
casual-001,Linen Tunic in Cream,casual,An everyday tunic in soft cream linen with hand-stitched detailing at the placket. Designed to be worn with the brand's signature ease.,"Pure linen, pre-washed for softness; mother-of-pearl buttons.",Color; Button finish,3–4 weeks,No,images,2026-05-07
casual-002,Block-Print Kaftan,casual,"A loose-cut kaftan in hand block-printed cotton, finished with a tasselled tie at the waist.",Hand block-printed cotton voile; raw-silk tassels.,Print; Length,3–4 weeks,No,images,2026-05-07
formal-001,Marigold Kameez & Izhar,formal,"A long kameez in warm marigold — hand-embroidered with zardozi and resham, paired with izhar and a heavily worked dupatta. Traditional in silhouette, considered in craft. Made for the moments that matter.","Hand-work zardozi and resham embroidery across the kameez, izhar pants and dupatta.",Color; Embroidery density and motif; Kameez length; Dupatta finishing,8–12 weeks,Yes,images/products/formal-001,2026-05-07
formal-002,Ivory Draped Lehenga,formal,"An ivory draped lehenga — a reimagining of the sari in cascading folds and sculpted precision. The structured blouse, finished with delicate embroidery, contrasts the effortless grace of the drape. For the woman who moves with quiet confidence.",Satin.,Color; Embroidery placement; Blouse silhouette,8–12 weeks,Yes,images/products/formal-002,2026-05-07
semi-formal-001,Bloom,semi-formal,"A short shirt in soft rose, embroidered and hand-embellished with sequins and beadwork — paired with traditional Dhaka pants. Delicate craft, considered restraint. For the woman who knows that elegance is in the detail.","Embroidery, sequins, and hand-set beadwork on the short shirt. Traditional Dhaka pants.",Color; Embroidery placement; Embellishment density; Shirt length,6–10 weeks,Yes,images/products/semi-formal-001,2026-05-07
semi-formal-002,Kaftan,semi-formal,"A kaftan crafted in pure raw silk, adorned with thread embroidery and hand-embellishments throughout the shirt, hem, and neckline. Quiet luxury rendered in fluid silhouette. For the woman who lets the fabric speak.","Pure raw silk with thread embroidery and hand-embellishments at the shirt, hem, and neckline.",Color; Embroidery placement; Embellishment density; Length,6–10 weeks,Yes,images/products/semi-formal-002,2026-05-07
